IP Address,Reputation,Latitude,Longitude
49.143.32.6,Malicious Host KR,37.5111999512,126.974098206
222.77.181.28,Malicious Host CN,24.4797992706,118.08190155
180.151.24.60,Malicious Host IN,,
157.61.212.1,Malicious Host CN,,
70.50.152.130,Malicious Host CA,,
193.169.252.158,Malicious Host PL,52.2393989563,21.0361995697
100.27.42.242,Malicious Host US,,
100.27.42.243,Malicious Host US,,
100.27.42.244,Malicious Host US,,
100.27.42.241,Malicious Host US,,
156.251.136.4,Malicious Host ZA,,
103.231.172.42,Malicious Host US,,
185.128.41.50,Malicious Host CH,47.1449012756,8.15509986877
45.146.164.110,Malicious Host ,47.1449012756,8.15509986877
4.71.37.45,Malicious Host US,,
4.71.37.46,Malicious Host US,,
210.13.110.60,Malicious Host CN,,
103.40.172.173,Malicious Host HK,22.25,114.166702271
203.248.175.71,Malicious Host KR,37.5111999512,126.974098206
203.248.175.72,Malicious Host KR,37.5111999512,126.974098206
216.4.95.61,Malicious Host US,34.0544013977,-118.244003296
140.206.86.124,Malicious Host CN,,
216.4.95.62,Malicious Host US,34.0544013977,-118.244003296
103.40.172.189,Malicious Host HK,22.25,114.166702271
202.129.58.130,Malicious Host TH,13.75,100.466697693
46.4.123.15,Malicious Host DE,51.2993011475,9.49100017548
59.63.207.69,Malicious Host CN,,
80.14.216.204,Malicious Host FR,48.8582000732,2.33870005608
43.251.99.6,Malicious Host ID,,
64.39.108.94,Malicious Host US,37.7509994507,-97.8219985962
78.142.18.56,Malicious Host BG,42.7000007629,23.3332996368
58.248.193.50,Malicious Host CN,,
81.250.169.249,Malicious Host FR,,
24.188.100.85,Malicious Host US,,
51.15.228.117,Malicious Host FR,48.8582000732,2.33870005608
122.147.62.76,Malicious Host TW,23.5,121.0
62.4.14.198,Malicious Host FR,48.8582000732,2.33870005608
202.164.139.229,Malicious Host IN,,
120.85.114.164,Malicious Host CN,,
103.37.3.58,Malicious Host CN,34.7724990845,113.726600647
112.27.124.145,Malicious Host CN,34.7724990845,113.726600647
120.85.113.253,Malicious Host CN,,
61.242.58.104,Malicious Host CN,,
111.92.116.45,Malicious Host IN,,
120.226.28.53,Malicious Host CN,34.7724990845,113.726600647
27.199.237.162,Malicious Host CN,36.0985984802,120.371902466
157.61.213.174,Malicious Host CN,,
223.130.31.57,Malicious Host IN,,
123.12.23.5,Malicious Host CN,34.6836013794,113.532501221
218.29.126.53,Malicious Host CN,34.6836013794,113.532501221
101.181.104.241,Malicious Host AU,-33.4939994812,143.210403442
27.38.61.120,Malicious Host CN,,
119.165.111.147,Malicious Host CN,,
178.18.254.229,Malicious Host DE,51.2993011475,9.49100017548
119.191.160.221,Malicious Host CN,36.0985984802,120.371902466
61.242.58.47,Malicious Host CN,,
181.199.170.222,Malicious Host AR,,
120.85.114.188,Malicious Host CN,,
178.72.76.2,Malicious Host RU,,
41.86.18.165,Malicious Host LR,6.5,-9.5
110.251.198.23,Malicious Host CN,34.7724990845,113.726600647
178.72.78.156,Malicious Host RU,,
61.242.54.214,Malicious Host CN,,
175.183.4.23,Malicious Host TW,23.5,121.0
61.219.98.43,Malicious Host TW,,
122.147.22.146,Malicious Host TW,,
118.161.210.248,Malicious Host TW,,
125.228.90.229,Malicious Host TW,23.5,121.0
220.133.64.233,Malicious Host TW,,
182.155.120.143,Malicious Host TW,23.5,121.0
222.253.45.141,Malicious Host VN,16.0,106.0
61.242.54.5,Malicious Host CN,,
120.193.91.190,Malicious Host CN,,
49.89.93.21,Malicious Host CN,32.0616989136,118.777801514
211.149.191.209,Malicious Host CN,34.7724990845,113.726600647
14.241.244.250,Malicious Host VN,16.0,106.0
120.86.238.188,Malicious Host CN,,
221.231.169.141,Malicious Host CN,32.0616989136,118.777801514
51.211.24.160,Malicious Host SA,25.0,45.0
61.152.197.56,Malicious Host CN,31.0456008911,121.39969635
157.61.213.179,Malicious Host CN,,
201.184.54.180,Malicious Host CO,4.59810018539,-74.0757980347
27.217.243.163,Malicious Host CN,,
157.61.212.111,Malicious Host CN,,
93.112.152.134,Malicious Host SA,25.0,45.0
115.58.202.92,Malicious Host CN,34.6836013794,113.532501221
110.89.11.143,Malicious Host CN,,
45.229.54.199,Malicious Host BR,,
176.111.173.139,Malicious Host GB,51.4963989258,-0.122400000691
61.0.168.149,Malicious Host IN,,
59.63.204.76,Malicious Host CN,,
192.3.194.202,Malicious Host US,,
65.108.11.163,Malicious Host US,,
212.129.26.4,Malicious Host FR,,
112.27.124.111,Malicious Host CN,34.7724990845,113.726600647
79.170.30.142,Malicious Host RU,,
41.86.5.232,Malicious Host LR,,
203.176.129.73,Malicious Host KH,,
89.40.73.14,Malicious Host RO,46.0,25.0
185.191.32.158,Malicious Host RU,55.7386016846,37.6068000793
201.184.64.238,Malicious Host CO,,
176.111.173.122,Malicious Host GB,51.4963989258,-0.122400000691
157.61.212.57,Malicious Host CN,,
51.158.108.237,Malicious Host FR,,
95.137.248.182,Malicious Host GE,42.0,43.5
103.170.92.5,Malicious Host ,42.0,43.5
18.117.69.135,Malicious Host US,,
78.188.240.230,Malicious Host TR,41.0214004517,28.9948005676
61.242.40.204,Malicious Host CN,,
125.168.147.202,Malicious Host AU,,
109.116.204.63,Malicious Host IT,43.1478996277,12.1097002029
42.115.33.98,Malicious Host KH,,
103.119.55.151,Malicious Host ID,,
184.58.233.179,Malicious Host US,,
93.65.23.221,Malicious Host IT,,
103.170.92.7,Malicious Host ,45.0704994202,7.68680000305
195.208.154.9,Malicious Host RU,,
177.149.164.24,Malicious Host BR,,
117.240.142.212,Malicious Host IN,,
93.51.27.113,Malicious Host IT,,
81.214.72.215,Malicious Host TR,,
58.248.193.132,Malicious Host CN,,
157.61.212.37,Malicious Host CN,,
119.224.91.233,Malicious Host NZ,,
161.22.34.116,Malicious Host VE,8.0,-66.0
78.186.248.243,Malicious Host TR,,
49.89.90.173,Malicious Host CN,32.0616989136,118.777801514
51.158.64.113,Malicious Host FR,,
1.246.222.20,Malicious Host KR,,
201.184.54.178,Malicious Host CO,4.59810018539,-74.0757980347
91.234.62.231,Malicious Host RU,,
188.169.174.166,Malicious Host GE,,
86.161.0.86,Malicious Host GB,,
83.138.53.128,Malicious Host RU,55.7386016846,37.6068000793
125.63.105.55,Malicious Host IN,,
103.40.197.24,Malicious Host IN,,
160.124.138.190,Malicious Host ZA,-29.0,24.0
163.172.140.20,Malicious Host FR,48.8582000732,2.33870005608
27.159.92.181,Malicious Host CN,24.4797992706,118.08190155
186.250.115.93,Malicious Host BR,,
45.248.192.48,Malicious Host IN,,
101.0.57.60,Malicious Host IN,20.0,77.0
120.85.114.64,Malicious Host CN,,
120.85.114.146,Malicious Host CN,,
175.10.19.32,Malicious Host CN,,
163.125.211.144,Malicious Host CN,,
61.242.54.49,Malicious Host CN,,
210.89.63.231,Malicious Host IN,,
49.89.62.252,Malicious Host CN,32.0616989136,118.777801514
70.50.155.251,Malicious Host CA,,
115.62.58.10,Malicious Host CN,34.6836013794,113.532501221
117.204.149.200,Malicious Host IN,,
185.191.246.45,Malicious Host PL,52.2393989563,21.0361995697
120.85.97.71,Malicious Host CN,,
103.170.92.11,Malicious Host ,23.1166992188,113.25
120.85.172.249,Malicious Host CN,,
1.246.222.234,Malicious Host KR,,
58.249.87.78,Malicious Host CN,23.1166992188,113.25
51.158.125.226,Malicious Host FR,,
125.224.126.41,Malicious Host TW,,
1.34.226.50,Malicious Host TW,,
36.228.50.77,Malicious Host TW,,
115.165.221.95,Malicious Host TW,,
220.143.33.129,Malicious Host TW,23.5,121.0
185.142.239.135,Malicious Host NL,52.3824005127,4.89949989319
27.194.122.23,Malicious Host CN,36.0985984802,120.371902466
120.85.115.49,Malicious Host CN,,
120.86.237.94,Malicious Host CN,,
59.126.96.5,Malicious Host TW,,
49.158.196.18,Malicious Host TW,23.5,121.0
114.33.64.24,Malicious Host TW,,
218.161.106.26,Malicious Host TW,,
114.35.194.18,Malicious Host TW,,
23.247.108.44,Malicious Host US,,
114.36.34.63,Malicious Host TW,,
114.41.226.96,Malicious Host TW,,
123.110.213.41,Malicious Host TW,23.5,121.0
106.104.116.79,Malicious Host TW,,
220.134.206.134,Malicious Host TW,,
1.173.242.161,Malicious Host TW,23.5,121.0
220.134.64.169,Malicious Host TW,,
86.157.2.211,Malicious Host GB,,
220.135.135.44,Malicious Host TW,,
125.228.33.211,Malicious Host TW,23.5,121.0
36.231.35.185,Malicious Host TW,,
1.171.103.192,Malicious Host TW,,
114.35.131.161,Malicious Host TW,23.5,121.0
60.244.133.195,Malicious Host TW,23.5,121.0
117.95.137.93,Malicious Host CN,,
27.215.114.223,Malicious Host CN,36.0985984802,120.371902466
163.125.211.119,Malicious Host CN,,
163.204.211.80,Malicious Host CN,23.1166992188,113.25
120.86.236.217,Malicious Host CN,,
112.6.221.37,Malicious Host CN,,
120.86.254.133,Malicious Host CN,,
1.34.58.110,Malicious Host TW,,
112.105.10.251,Malicious Host TW,23.5,121.0
1.161.219.86,Malicious Host TW,,
125.228.89.178,Malicious Host TW,23.5,121.0
122.116.229.208,Malicious Host TW,,
111.252.213.245,Malicious Host TW,,
61.224.147.178,Malicious Host TW,,
114.34.135.57,Malicious Host TW,,
125.228.43.197,Malicious Host TW,23.5,121.0
49.213.187.246,Malicious Host TW,23.5,121.0
201.184.54.179,Malicious Host CO,4.59810018539,-74.0757980347
42.231.171.245,Malicious Host CN,,
157.61.213.146,Malicious Host CN,,
124.131.55.15,Malicious Host CN,,
51.158.117.164,Malicious Host FR,,
220.134.236.78,Malicious Host TW,,
123.205.156.212,Malicious Host TW,,
207.180.219.238,Malicious Host ,22.9908008575,120.213302612
167.172.59.207,Malicious Host GB,51.4963989258,-0.122400000691
165.227.84.230,Malicious Host US,,
62.16.41.210,Malicious Host RU,,
78.154.219.169,Malicious Host KW,,
178.72.78.202,Malicious Host RU,,
182.52.136.45,Malicious Host TH,,
175.183.16.135,Malicious Host TW,23.5,121.0
101.0.41.25,Malicious Host IN,,
61.242.58.239,Malicious Host CN,,
120.85.115.46,Malicious Host CN,,
103.40.196.24,Malicious Host IN,,
157.61.212.29,Malicious Host CN,,
157.61.212.78,Malicious Host CN,,
157.61.212.87,Malicious Host CN,,
116.2.173.20,Malicious Host CN,,
61.242.54.242,Malicious Host CN,,
101.181.60.181,Malicious Host AU,,
219.69.110.206,Malicious Host TW,,
220.135.241.12,Malicious Host TW,,
49.213.183.219,Malicious Host TW,23.5,121.0
58.248.193.105,Malicious Host CN,,
223.155.34.126,Malicious Host CN,28.1791992188,113.113601685
41.86.19.146,Malicious Host LR,,
125.44.11.69,Malicious Host CN,34.6836013794,113.532501221
61.242.54.170,Malicious Host CN,,
118.79.140.135,Malicious Host CN,37.7268981934,112.470802307
120.85.118.219,Malicious Host CN,,
59.175.63.89,Malicious Host CN,,
163.179.167.155,Malicious Host CN,,
161.97.143.54,Malicious Host US,,
51.211.117.109,Malicious Host SA,25.0,45.0
180.188.232.122,Malicious Host IN,,
183.161.1.19,Malicious Host CN,,
222.118.4.29,Malicious Host KR,37.5111999512,126.974098206
219.68.238.49,Malicious Host TW,,
101.181.26.186,Malicious Host AU,,
114.33.190.246,Malicious Host TW,,
202.164.139.218,Malicious Host IN,,
157.61.212.117,Malicious Host CN,,
175.11.64.24,Malicious Host CN,,
114.239.51.77,Malicious Host CN,,
176.221.206.115,Malicious Host GE,,
61.242.40.225,Malicious Host CN,,
58.248.193.141,Malicious Host CN,,
27.207.195.126,Malicious Host CN,36.0985984802,120.371902466
183.237.146.206,Malicious Host CN,,
120.226.28.55,Malicious Host CN,34.7724990845,113.726600647
101.181.68.79,Malicious Host AU,-33.4939994812,143.210403442
122.117.28.200,Malicious Host TW,,
101.181.73.91,Malicious Host AU,-33.4939994812,143.210403442
182.235.208.124,Malicious Host TW,23.5,121.0
58.99.99.34,Malicious Host TW,23.5,121.0
101.181.0.198,Malicious Host AU,,
58.248.193.3,Malicious Host CN,,
112.94.98.71,Malicious Host CN,,
180.176.99.48,Malicious Host TW,,
101.22.144.130,Malicious Host CN,34.7724990845,113.726600647
59.127.209.88,Malicious Host TW,,
14.34.157.101,Malicious Host KR,37.5111999512,126.974098206
112.31.87.98,Malicious Host CN,34.7724990845,113.726600647
210.108.70.119,Malicious Host KR,37.5111999512,126.974098206
49.89.95.159,Malicious Host CN,32.0616989136,118.777801514
104.131.82.45,Malicious Host US,,
111.185.228.37,Malicious Host TW,23.5,121.0
157.61.212.88,Malicious Host CN,,
45.229.54.212,Malicious Host BR,,
112.94.101.235,Malicious Host CN,,
101.181.34.69,Malicious Host AU,-33.4939994812,143.210403442
218.31.123.90,Malicious Host CN,43.8009986877,87.6005020142
157.61.212.41,Malicious Host CN,,
157.61.212.64,Malicious Host CN,,
120.86.236.214,Malicious Host CN,,
157.61.212.47,Malicious Host CN,,
27.47.116.249,Malicious Host CN,23.1166992188,113.25
157.61.213.140,Malicious Host CN,,
62.171.159.207,Malicious Host GB,51.4963989258,-0.122400000691
58.249.110.198,Malicious Host CN,,
61.242.54.249,Malicious Host CN,,
110.25.95.241,Malicious Host TW,23.5,121.0
112.94.97.166,Malicious Host CN,,
120.85.148.26,Malicious Host CN,,
120.85.118.78,Malicious Host CN,,
120.85.118.238,Malicious Host CN,,
120.85.113.120,Malicious Host CN,,
61.242.58.178,Malicious Host CN,,
219.157.139.165,Malicious Host CN,,
120.85.115.225,Malicious Host CN,,
103.170.92.10,Malicious Host ,23.1166992188,113.25
157.61.212.44,Malicious Host CN,,
170.247.76.178,Malicious Host AR,,
120.85.149.112,Malicious Host CN,,
120.85.94.182,Malicious Host CN,,
45.229.55.69,Malicious Host BR,,
104.131.14.192,Malicious Host US,,
101.181.102.108,Malicious Host AU,-33.4939994812,143.210403442
121.206.154.132,Malicious Host CN,,
182.166.180.194,Malicious Host JP,,
222.247.5.78,Malicious Host CN,,
175.9.135.33,Malicious Host CN,,
114.35.175.239,Malicious Host TW,,
68.183.107.64,Malicious Host US,,
111.92.75.217,Malicious Host IN,,
180.188.237.170,Malicious Host IN,,
27.43.119.144,Malicious Host CN,23.1166992188,113.25
61.242.54.203,Malicious Host CN,,
137.184.62.180,Malicious Host US,37.7509994507,-97.8219985962
201.184.89.98,Malicious Host CO,,
118.250.154.242,Malicious Host CN,,
61.242.40.17,Malicious Host CN,,
112.94.98.6,Malicious Host CN,,
112.94.98.151,Malicious Host CN,,
94.156.58.17,Malicious Host BG,,
219.138.140.114,Malicious Host CN,,
27.158.79.129,Malicious Host CN,,
101.181.98.158,Malicious Host AU,-33.4939994812,143.210403442
111.92.75.188,Malicious Host IN,,
157.61.212.104,Malicious Host CN,,
120.86.239.97,Malicious Host CN,,
51.158.102.132,Malicious Host FR,,
120.85.116.230,Malicious Host CN,,
27.41.36.239,Malicious Host CN,23.1166992188,113.25
120.85.93.174,Malicious Host CN,,
61.242.54.60,Malicious Host CN,,
111.202.167.22,Malicious Host CN,,
122.173.23.55,Malicious Host IN,,
103.206.21.107,Malicious Host HK,22.25,114.166702271
180.188.232.137,Malicious Host IN,,
42.228.193.67,Malicious Host CN,34.6836013794,113.532501221
117.87.18.27,Malicious Host CN,,
157.61.212.55,Malicious Host CN,,
202.164.138.157,Malicious Host IN,,
58.248.147.64,Malicious Host CN,,
120.85.115.75,Malicious Host CN,,
112.94.99.84,Malicious Host CN,,
45.229.54.83,Malicious Host BR,,
39.81.71.78,Malicious Host CN,36.0985984802,120.371902466
101.181.27.80,Malicious Host AU,,
165.227.74.61,Malicious Host US,,
112.251.18.12,Malicious Host CN,36.0985984802,120.371902466
59.63.204.245,Malicious Host CN,,
120.86.255.247,Malicious Host CN,,
45.229.54.143,Malicious Host BR,,
69.55.55.230,Malicious Host US,,
14.42.145.172,Malicious Host KR,,
157.61.212.59,Malicious Host CN,,
157.61.213.165,Malicious Host CN,,
157.61.213.240,Malicious Host CN,,
91.104.31.56,Malicious Host HU,,
37.0.10.31,Malicious Host NL,52.3824005127,4.89949989319
213.5.47.43,Malicious Host PL,,
58.248.193.246,Malicious Host CN,,
112.237.2.80,Malicious Host CN,,
111.165.36.134,Malicious Host CN,,
18.188.148.80,Malicious Host US,,
101.181.82.102,Malicious Host AU,-33.4939994812,143.210403442
58.58.41.106,Malicious Host CN,36.0985984802,120.371902466
223.149.1.211,Malicious Host CN,,
113.251.235.19,Malicious Host CN,,
116.68.99.71,Malicious Host IN,,
112.94.99.86,Malicious Host CN,,
210.89.63.245,Malicious Host IN,,
84.53.229.12,Malicious Host RU,,
120.85.118.195,Malicious Host CN,,
61.242.54.239,Malicious Host CN,,
201.71.186.178,Malicious Host BR,,
41.86.18.34,Malicious Host LR,6.5,-9.5
112.250.243.72,Malicious Host CN,36.0985984802,120.371902466
58.253.12.9,Malicious Host CN,23.1166992188,113.25
157.61.213.238,Malicious Host CN,,
120.226.28.56,Malicious Host CN,34.7724990845,113.726600647
112.235.46.128,Malicious Host CN,,
101.181.17.137,Malicious Host AU,,
61.242.40.245,Malicious Host CN,,
120.85.113.55,Malicious Host CN,,
85.71.26.28,Malicious Host CZ,,
61.242.58.67,Malicious Host CN,,
112.94.101.190,Malicious Host CN,,
101.0.32.22,Malicious Host IN,,
120.85.115.104,Malicious Host CN,,
122.117.212.66,Malicious Host TW,,
112.27.124.130,Malicious Host CN,34.7724990845,113.726600647
178.141.14.216,Malicious Host RU,,
120.86.255.109,Malicious Host CN,,
221.1.225.191,Malicious Host CN,36.0985984802,120.371902466
115.51.122.143,Malicious Host CN,,
61.242.54.126,Malicious Host CN,,
120.86.254.188,Malicious Host CN,,
101.181.132.37,Malicious Host AU,-33.4939994812,143.210403442
221.1.226.15,Malicious Host CN,36.0985984802,120.371902466
112.94.99.93,Malicious Host CN,,
120.86.239.154,Malicious Host CN,,
51.211.112.79,Malicious Host SA,25.0,45.0
58.248.193.88,Malicious Host CN,,
58.248.193.97,Malicious Host CN,,
61.242.58.66,Malicious Host CN,,
120.85.92.40,Malicious Host CN,,
111.202.190.6,Malicious Host CN,,
182.115.173.95,Malicious Host CN,36.0985984802,120.371902466
157.61.213.149,Malicious Host CN,,
103.40.197.175,Malicious Host IN,,
178.72.70.112,Malicious Host RU,,
112.255.126.89,Malicious Host CN,,
112.239.103.43,Malicious Host CN,36.0985984802,120.371902466
201.184.49.234,Malicious Host CO,4.59810018539,-74.0757980347
103.91.19.231,Malicious Host IN,20.0,77.0
61.242.54.48,Malicious Host CN,,
122.254.29.23,Malicious Host TW,,
61.242.40.14,Malicious Host CN,,
221.160.177.119,Malicious Host KR,,
146.70.34.2,Malicious Host GB,51.4963989258,-0.122400000691
109.123.118.38,Malicious Host GB,,
112.94.97.85,Malicious Host CN,,
58.248.193.232,Malicious Host CN,,
190.180.154.227,Malicious Host AR,,
170.247.76.179,Malicious Host AR,,
178.72.70.124,Malicious Host RU,,
60.212.108.240,Malicious Host CN,,
86.181.4.169,Malicious Host GB,,
45.229.54.193,Malicious Host BR,,
91.188.215.198,Malicious Host RU,,
176.103.88.57,Malicious Host RU,,
39.66.73.50,Malicious Host CN,,
120.85.116.70,Malicious Host CN,,
49.76.60.132,Malicious Host CN,,
101.181.17.112,Malicious Host AU,,
113.170.128.242,Malicious Host VN,16.0,106.0
124.153.136.175,Malicious Host KR,37.5111999512,126.974098206
3.21.74.31,Malicious Host US,,
42.51.55.157,Malicious Host CN,34.6836013794,113.532501221
121.5.155.158,Malicious Host CN,39.9289016724,116.388298035
122.116.240.129,Malicious Host TW,,
121.61.98.22,Malicious Host CN,,
157.61.212.85,Malicious Host CN,,
119.179.238.100,Malicious Host CN,36.0985984802,120.371902466
61.242.54.62,Malicious Host CN,,
46.183.218.151,Malicious Host LV,57.0,25.0
163.172.176.168,Malicious Host FR,48.8582000732,2.33870005608
103.136.82.50,Malicious Host ,48.8582000732,2.33870005608
120.85.112.124,Malicious Host CN,,
61.242.40.212,Malicious Host CN,,
58.249.12.95,Malicious Host CN,,
112.30.4.118,Malicious Host CN,34.7724990845,113.726600647
103.40.196.2,Malicious Host IN,,
210.180.237.212,Malicious Host KR,,
45.229.55.112,Malicious Host BR,,
104.248.162.33,Malicious Host GB,,
122.188.150.21,Malicious Host CN,30.5800991058,114.273399353
111.185.227.109,Malicious Host TW,23.5,121.0
188.169.36.27,Malicious Host GE,,
120.86.237.166,Malicious Host CN,,
58.219.232.140,Malicious Host CN,,
211.47.83.200,Malicious Host KR,,
182.124.92.70,Malicious Host CN,34.6836013794,113.532501221
61.242.54.137,Malicious Host CN,,
210.89.63.21,Malicious Host IN,,
212.193.30.144,Malicious Host RU,55.7386016846,37.6068000793
167.71.249.184,Malicious Host US,37.7509994507,-97.8219985962
101.0.57.158,Malicious Host IN,20.0,77.0
120.85.115.148,Malicious Host CN,,
125.127.132.112,Malicious Host CN,,
222.138.119.194,Malicious Host CN,34.6836013794,113.532501221
120.85.118.161,Malicious Host CN,,
103.104.106.98,Malicious Host CN,34.7724990845,113.726600647
159.203.186.159,Malicious Host US,,
61.242.54.16,Malicious Host CN,,
117.36.199.38,Malicious Host CN,34.2583007812,108.928596497
174.83.73.163,Malicious Host US,,
120.85.115.2,Malicious Host CN,,
111.38.106.48,Malicious Host CN,34.7724990845,113.726600647
223.149.140.37,Malicious Host CN,28.1791992188,113.113601685
157.61.212.101,Malicious Host CN,,
122.96.12.203,Malicious Host CN,,
61.242.54.175,Malicious Host CN,,
27.215.53.111,Malicious Host CN,36.0985984802,120.371902466
193.169.252.245,Malicious Host PL,52.2393989563,21.0361995697
103.215.240.1,Malicious Host IN,,
120.240.48.91,Malicious Host CN,34.7724990845,113.726600647
120.85.112.128,Malicious Host CN,,
27.194.89.189,Malicious Host CN,36.0985984802,120.371902466
119.122.114.138,Malicious Host CN,,
61.242.58.200,Malicious Host CN,,
62.219.229.190,Malicious Host IL,,
1.246.222.134,Malicious Host KR,,
120.1.140.25,Malicious Host CN,34.7724990845,113.726600647
27.38.61.75,Malicious Host CN,,
116.211.100.26,Malicious Host CN,,
178.72.69.78,Malicious Host RU,,
134.209.218.203,Malicious Host US,,
206.189.111.16,Malicious Host NL,,
101.181.40.233,Malicious Host AU,-33.4939994812,143.210403442
183.82.144.126,Malicious Host IN,,
113.246.130.182,Malicious Host CN,,
186.33.90.249,Malicious Host DO,,
45.229.54.55,Malicious Host BR,,
120.193.91.215,Malicious Host CN,,
120.85.116.133,Malicious Host CN,,
121.46.232.130,Malicious Host CN,31.0456008911,121.39969635
120.240.48.83,Malicious Host CN,34.7724990845,113.726600647
120.85.113.42,Malicious Host CN,,
119.191.217.155,Malicious Host CN,36.0985984802,120.371902466
120.85.116.238,Malicious Host CN,,
222.240.117.88,Malicious Host CN,,
61.242.58.246,Malicious Host CN,,
27.215.109.196,Malicious Host CN,36.0985984802,120.371902466
178.72.70.88,Malicious Host RU,,
187.45.116.162,Malicious Host BR,,
198.98.62.43,Malicious Host US,,
112.5.37.160,Malicious Host CN,,
61.242.40.229,Malicious Host CN,,
181.199.162.7,Malicious Host AR,,
61.242.58.14,Malicious Host CN,,
27.43.178.112,Malicious Host CN,23.1166992188,113.25
157.61.212.95,Malicious Host CN,,
78.187.196.38,Malicious Host TR,,
1.246.223.191,Malicious Host KR,,
112.248.109.159,Malicious Host CN,36.0985984802,120.371902466
120.86.238.47,Malicious Host CN,,
185.68.230.207,Malicious Host ,23.0333003998,113.716697693
80.243.181.81,Malicious Host GB,51.4963989258,-0.122400000691
120.85.115.175,Malicious Host CN,,
27.21.147.209,Malicious Host CN,,
123.10.15.34,Malicious Host CN,34.6836013794,113.532501221
112.239.120.150,Malicious Host CN,36.0985984802,120.371902466
181.176.155.25,Malicious Host PE,-12.043299675,-77.0282974243
112.31.211.135,Malicious Host CN,34.7724990845,113.726600647
178.72.70.239,Malicious Host RU,,
120.85.118.169,Malicious Host CN,,
103.104.106.223,Malicious Host CN,34.7724990845,113.726600647
120.238.189.72,Malicious Host CN,34.7724990845,113.726600647
80.243.181.119,Malicious Host GB,51.4963989258,-0.122400000691
27.35.154.75,Malicious Host KR,,
120.85.116.17,Malicious Host CN,,
103.170.92.22,Malicious Host ,23.1166992188,113.25
112.94.96.114,Malicious Host CN,,
27.197.24.223,Malicious Host CN,36.0985984802,120.371902466
201.184.16.244,Malicious Host CO,4.59810018539,-74.0757980347
114.236.52.101,Malicious Host CN,32.0616989136,118.777801514
183.237.146.175,Malicious Host CN,,
116.212.156.31,Malicious Host KH,13.0,105.0
61.129.101.38,Malicious Host CN,34.7724990845,113.726600647
80.82.65.247,Malicious Host SC,-4.58330011368,55.6666984558
112.27.124.158,Malicious Host CN,34.7724990845,113.726600647
123.11.152.93,Malicious Host CN,,
61.242.58.12,Malicious Host CN,,
101.65.131.144,Malicious Host CN,,
2.106.156.53,Malicious Host ,27.9993991852,120.666801453
157.61.212.82,Malicious Host CN,,
157.61.212.109,Malicious Host CN,,
14.111.220.134,Malicious Host CN,29.5627994537,106.55280304
69.176.89.226,Malicious Host US,,
163.125.211.103,Malicious Host CN,,
120.85.116.69,Malicious Host CN,,
39.74.177.167,Malicious Host CN,36.0985984802,120.371902466
61.242.58.135,Malicious Host CN,,
112.94.99.139,Malicious Host CN,,
112.30.4.73,Malicious Host CN,34.7724990845,113.726600647
157.61.212.84,Malicious Host CN,,
103.91.245.48,Malicious Host IN,20.0,77.0
178.72.70.207,Malicious Host RU,,
61.242.54.211,Malicious Host CN,,
112.86.255.100,Malicious Host CN,,
61.242.40.206,Malicious Host CN,,
27.203.233.132,Malicious Host CN,36.0985984802,120.371902466
27.215.122.160,Malicious Host CN,36.0985984802,120.371902466
89.208.122.213,Malicious Host RU,55.7386016846,37.6068000793
61.242.58.197,Malicious Host CN,,
185.232.64.32,Malicious Host RO,,
157.61.212.122,Malicious Host CN,,
193.169.252.166,Malicious Host PL,52.2393989563,21.0361995697
120.85.117.207,Malicious Host CN,,
51.15.246.104,Malicious Host FR,48.8582000732,2.33870005608
164.155.88.34,Malicious Host US,,
44.192.244.178,Malicious Host US,37.7509994507,-97.8219985962
120.85.115.197,Malicious Host CN,,
125.128.28.181,Malicious Host KR,,
120.193.91.183,Malicious Host CN,,
46.101.13.94,Malicious Host GB,,
223.159.88.8,Malicious Host CN,28.1791992188,113.113601685
125.127.139.69,Malicious Host CN,,
110.35.227.222,Malicious Host KR,37.5111999512,126.974098206
119.29.119.174,Malicious Host CN,,
202.164.139.168,Malicious Host IN,,
112.94.101.203,Malicious Host CN,,
71.68.229.247,Malicious Host US,,
45.229.55.57,Malicious Host BR,,
101.181.114.172,Malicious Host AU,-33.4939994812,143.210403442
120.85.112.133,Malicious Host CN,,
112.94.98.57,Malicious Host CN,,
27.217.163.40,Malicious Host CN,,
120.85.115.60,Malicious Host CN,,
219.136.172.161,Malicious Host CN,,
120.85.118.227,Malicious Host CN,,
120.85.118.235,Malicious Host CN,,
117.208.51.51,Malicious Host IN,20.0,77.0
114.246.35.129,Malicious Host CN,,
86.175.105.80,Malicious Host GB,,
